Subject,entry
S4ONCNYZ0,aardvark
S4ONCNYZ0,elephant
S4ONCNYZ0,lion
S4ONCNYZ0,tiger
S4ONCNYZ0,kangaroo
S4ONCNYZ0,camel
S4ONCNYZ0,cat
S4ONCNYZ0,dog
S4ONCNYZ0,frog
S4ONCNYZ0,gerbil
S4ONCNYZ0,hamster
S4ONCNYZ0,rabbit
S4ONCNYZ0,zebra
S4ONCNYZ0,bear
S4ONCNYZ0,wolf
S4ONCNYZ0,lemur
S4ONCNYZ0,bird
S4ONCNYZ0,tortoise
S4ONCNYZ0,turtle
S4ONCNYZ0,fish
S4ONCNYZ0,whale
S4ONCNYZ0,dolphin
S4ONCNYZ0,seahorse
SE01I28HZ,elephant
SE01I28HZ,antelope
SE01I28HZ,lion
SE01I28HZ,tiger
SE01I28HZ,bear
SE01I28HZ,dog
SE01I28HZ,cat
SE01I28HZ,mouse
SE01I28HZ,rat
SE01I28HZ,bat
SE01I28HZ,monkey
SE01I28HZ,gorilla
SE01I28HZ,cow
SE01I28HZ,horse
SE01I28HZ,donkey
SE01I28HZ,goat
SE01I28HZ,pig
SE01I28HZ,chicken
SE01I28HZ,zebra
SE01I28HZ,fox
SE01I28HZ,wolf
SE01I28HZ,polar bear
SE01I28HZ,lynx
SGIS9NQLO,cat
SGIS9NQLO,dog
SGIS9NQLO,bird
SGIS9NQLO,fish
SGIS9NQLO,bear
SGIS9NQLO,monkey
SGIS9NQLO,rhinoceros
SGIS9NQLO,zebra
SGIS9NQLO,giraffe
SGIS9NQLO,wolf
SGIS9NQLO,bison
SGIS9NQLO,owl
SGIS9NQLO,wolf
SGIS9NQLO,panda
S5GIJW0G0,dog
S5GIJW0G0,cat
S5GIJW0G0,lion
S5GIJW0G0,cheetah
S5GIJW0G0,elephant
S5GIJW0G0,hippopotamus
S5GIJW0G0,goat
S5GIJW0G0,horse
S5GIJW0G0,donkey
S5GIJW0G0,bear
S5GIJW0G0,cow
S5GIJW0G0,pig
S5GIJW0G0,zebra
S5GIJW0G0,sheep
S5GIJW0G0,lamb
S5GIJW0G0,monkey
S5GIJW0G0,gorilla
S5GIJW0G0,hippopotamus
S5GIJW0G0,turtle
S5Y72EHLM,lions
S5Y72EHLM,tiger
S5Y72EHLM,bear
S5Y72EHLM,mouse
S5Y72EHLM,cat
S5Y72EHLM,dog
S5Y72EHLM,horse
S5Y72EHLM,zebra
S5Y72EHLM,gorilla
S5Y72EHLM,monkey
S5Y72EHLM,zebra
S5Y72EHLM,whale
S5Y72EHLM,dolphin
S5Y72EHLM,frog
S5Y72EHLM,tadpole
S5Y72EHLM,flies
S5Y72EHLM,mosquito
S5Y72EHLM,bee
S5Y72EHLM,hornet
S5Y72EHLM,elephant
S5Y72EHLM,antelope
SR60YUOZ4,elephant
SR60YUOZ4,lion
SR60YUOZ4,giraffe
SR60YUOZ4,bear
SR60YUOZ4,cat
SR60YUOZ4,dog
SR60YUOZ4,turtle
SR60YUOZ4,fish
SR60YUOZ4,aardvark
SR60YUOZ4,ostrich
SR60YUOZ4,kangaroo
SR60YUOZ4,alligator
SR60YUOZ4,crocodile
SR60YUOZ4,snake
SR60YUOZ4,monkey
SR60YUOZ4,gorilla
SR60YUOZ4,orangutan
SR60YUOZ4,horse
SR60YUOZ4,pig
SR60YUOZ4,cow
SR60YUOZ4,chicken
SP3FHVV4Q,cat
SP3FHVV4Q,dog
SP3FHVV4Q,frog
SP3FHVV4Q,turtle
SP3FHVV4Q,ant
SP3FHVV4Q,bee
SP3FHVV4Q,giraffe
SP3FHVV4Q,elephant
SP3FHVV4Q,tiger
SP3FHVV4Q,lion
SP3FHVV4Q,panda
SP3FHVV4Q,bear
SP3FHVV4Q,alligator
SP3FHVV4Q,crocodile
SP3FHVV4Q,snake
SP3FHVV4Q,lizard
SP3FHVV4Q,dragon
SP3FHVV4Q,bird
SP3FHVV4Q,gorilla
SP3FHVV4Q,ape
SP3FHVV4Q,monkey
SP3FHVV4Q,chimpanzee
SP3FHVV4Q,jaguar
SP3FHVV4Q,raccoon
SP3FHVV4Q,squirrel
S7DMEYVY5,ape
S7DMEYVY5,bear
S7DMEYVY5,baboon
S7DMEYVY5,cat
S7DMEYVY5,dog
S7DMEYVY5,elephant
S7DMEYVY5,frog
S7DMEYVY5,giraffe
S7DMEYVY5,gorilla
S7DMEYVY5,hyena
S7DMEYVY5,jackal
S7DMEYVY5,lion
S7DMEYVY5,monkey
S7DMEYVY5,duck
S7DMEYVY5,geese
S7DMEYVY5,pig
S7DMEYVY5,horse
S7DMEYVY5,goat
S7DMEYVY5,zebra
S7DMEYVY5,yak
S7DMEYVY5,tiger
SYW83L438,elephant
SYW83L438,tiger
SYW83L438,groundhog
SYW83L438,giraffe
SYW83L438,cat
SYW83L438,dogs
SYW83L438,buffalo
SYW83L438,squirrel
SYW83L438,racoon
SYW83L438,deer
SYW83L438,fox
SYW83L438,bass
SYW83L438,trout
SYW83L438,shark
SYW83L438,turtle
SYW83L438,whale
SYW83L438,starfish
SYW83L438,jellyfish
SYW83L438,snake
SYW83L438,rattlesnake
SYW83L438,copperhead
SYW83L438,horse
SYW83L438,donkey
SYW83L438,mules
SYW83L438,eagle
SYW83L438,hawk
SYW83L438,pigeon
SYW83L438,crow
SN25GCWOU,cat
SN25GCWOU,dog
SN25GCWOU,lion
SN25GCWOU,tiger
SN25GCWOU,bear
SN25GCWOU,polar bear
SN25GCWOU,snake
SN25GCWOU,squirrel
SN25GCWOU,chipmunk
SN25GCWOU,fish
SN25GCWOU,shark
SN25GCWOU,giraffe
SN25GCWOU,monkeys
SN25GCWOU,elephant
SN25GCWOU,butterflies
SHJ7JVLTQ,dog
SHJ7JVLTQ,cat
SHJ7JVLTQ,rat
SHJ7JVLTQ,rabbit
SHJ7JVLTQ,rhinoceros
SHJ7JVLTQ,giraffe
SHJ7JVLTQ,lion
SHJ7JVLTQ,tiger
SHJ7JVLTQ,bear
SHJ7JVLTQ,deer
SHJ7JVLTQ,alligator
SHJ7JVLTQ,racoon
SHJ7JVLTQ,possum
SHJ7JVLTQ,zebra
SHJ7JVLTQ,horse
S83OXWG2O,cat
S83OXWG2O,dog
S83OXWG2O,bird
S83OXWG2O,zebra
S83OXWG2O,giraffe
S83OXWG2O,lion
S83OXWG2O,racoon
S83OXWG2O,squirrel
S83OXWG2O,chipmunk
S83OXWG2O,rat
S83OXWG2O,mouse
S83OXWG2O,horse
S83OXWG2O,donkey
S83OXWG2O,mule
S83OXWG2O,chicken
S83OXWG2O,goose
S83OXWG2O,duck
S83OXWG2O,fox
S83OXWG2O,coyote
S83OXWG2O,eagle
S83OXWG2O,robin
S83OXWG2O,redbird
S83OXWG2O,blue jay
S83OXWG2O,possum
SWZ5G0EFP,cat
SWZ5G0EFP,dog
SWZ5G0EFP,horse
SWZ5G0EFP,cow
SWZ5G0EFP,chicken
SWZ5G0EFP,giraffe
SWZ5G0EFP,bear
SWZ5G0EFP,monkey
SWZ5G0EFP,dog
SWZ5G0EFP,lion
SWZ5G0EFP,camel
SWZ5G0EFP,pig
SWZ5G0EFP,steer
SWZ5G0EFP,hippo
SWZ5G0EFP,penguin
SWZ5G0EFP,seal
SWZ5G0EFP,walrus
SX5UK9SYZ,cat
SX5UK9SYZ,dogs
SX5UK9SYZ,turtle
SX5UK9SYZ,bird
SX5UK9SYZ,monkeys
SX5UK9SYZ,lizard
SX5UK9SYZ,foxes
SX5UK9SYZ,racoon
SX5UK9SYZ,possum
SX5UK9SYZ,squirrel
SX5UK9SYZ,deer
SX5UK9SYZ,zebra
SX5UK9SYZ,elephant
SX5UK9SYZ,camel
SX5UK9SYZ,hamster
SX5UK9SYZ,mice
SX5UK9SYZ,rat
SX5UK9SYZ,chipmunk
SX5UK9SYZ,lions
SX5UK9SYZ,tiger
SX5UK9SYZ,bear
SIG7MSDA3,cat
SIG7MSDA3,dog
SIG7MSDA3,elephant
SIG7MSDA3,giraffe
SIG7MSDA3,antelope
SIG7MSDA3,bird
SIG7MSDA3,turtle
SIG7MSDA3,lizard
SIG7MSDA3,whale
SIG7MSDA3,fish
SIG7MSDA3,squid
SIG7MSDA3,octopus
SIG7MSDA3,cheetah
SIG7MSDA3,lion
SIG7MSDA3,hyena
SIG7MSDA3,deer
SIG7MSDA3,antelope
SIG7MSDA3,moose
SIG7MSDA3,weasel
SIG7MSDA3,vole
SIG7MSDA3,mole
SIG7MSDA3,mouse
SIG7MSDA3,rat
SIG7MSDA3,kangaroo
SIG7MSDA3,possum
SIG7MSDA3,fox
SIG7MSDA3,deer
S3YPXKTC2,cat
S3YPXKTC2,dog
S3YPXKTC2,bird
S3YPXKTC2,lion
S3YPXKTC2,tiger
S3YPXKTC2,elephant
S3YPXKTC2,giraffe
S3YPXKTC2,dolphin
S3YPXKTC2,whale
S3YPXKTC2,shark
S3YPXKTC2,wolf
S3YPXKTC2,fox
S3YPXKTC2,panther
S3YPXKTC2,leopard
S3YPXKTC2,gazelle
S3YPXKTC2,deer
S3YPXKTC2,squirrel
S3YPXKTC2,rabbit
S3YPXKTC2,turkey
S3YPXKTC2,quail
S3YPXKTC2,pheasant
S3YPXKTC2,zebra
S3YPXKTC2,buffalo
S3YPXKTC2,cow
S3YPXKTC2,chicken
S3YPXKTC2,steer
S9VTKHUBM,bird
S9VTKHUBM,cat
S9VTKHUBM,dogs
S9VTKHUBM,horse
S9VTKHUBM,cat
S9VTKHUBM,goats
S9VTKHUBM,sheep
S9VTKHUBM,chicken
S9VTKHUBM,turkey
S9VTKHUBM,hen
S9VTKHUBM,lion
S9VTKHUBM,tiger
S9VTKHUBM,hyena
S9VTKHUBM,zebra
S9VTKHUBM,elephant
S9VTKHUBM,jack
S9VTKHUBM,caterpillar
S9VTKHUBM,snake
S9VTKHUBM,hyenas
S9VTKHUBM,hippopotamus
S9VTKHUBM,donkey
S9VTKHUBM,pig
S9VTKHUBM,earthworm
S9VTKHUBM,spider
S9VTKHUBM,flea
S9VTKHUBM,ant
SFH59NPW6,alligator
SFH59NPW6,bat
SFH59NPW6,cat
SFH59NPW6,dog
SFH59NPW6,elephant
SFH59NPW6,tiger
SFH59NPW6,fish
SFH59NPW6,bear
SFH59NPW6,raccoon
SFH59NPW6,squirrel
SFH59NPW6,bird
SFH59NPW6,turtle
SFH59NPW6,crocodile
SFH59NPW6,lion
SFH59NPW6,zebra
SFH59NPW6,chipmunk
SFH59NPW6,foxes
SFH59NPW6,lynx
SFH59NPW6,mountain lion
SFH59NPW6,dolphin
SFH59NPW6,lizard
SFH59NPW6,lynx
SFH59NPW6,polar bear
SJYHRIGGJ,dog
SJYHRIGGJ,cat
SJYHRIGGJ,bear
SJYHRIGGJ,wolf
SJYHRIGGJ,groundhog
SJYHRIGGJ,mouse
SJYHRIGGJ,squirrel
SJYHRIGGJ,racoon
SJYHRIGGJ,wolf
SJYHRIGGJ,coyote
SJYHRIGGJ,lion
SJYHRIGGJ,tiger
SJYHRIGGJ,elephant
SJYHRIGGJ,hippopotamus
SJYHRIGGJ,alligator
SJYHRIGGJ,bird
SJYHRIGGJ,hamster
SXWZ62JMK,dog
SXWZ62JMK,cat
SXWZ62JMK,horse
SXWZ62JMK,camel
SXWZ62JMK,rattlesnake
SXWZ62JMK,cobra
SXWZ62JMK,elephant
SXWZ62JMK,mastodon
SXWZ62JMK,human being
SXWZ62JMK,monkey
SXWZ62JMK,chimpanzee
SXWZ62JMK,chicken
SXWZ62JMK,rooster
SXWZ62JMK,cow
SXWZ62JMK,sheep
SXWZ62JMK,goat
SXWZ62JMK,frog
SXWZ62JMK,carp
SXWZ62JMK,salmon
SXWZ62JMK,whale
SYZGYWZ5T,cat
SYZGYWZ5T,dog
SYZGYWZ5T,zebra
SYZGYWZ5T,elephant
SYZGYWZ5T,cheetah
SYZGYWZ5T,monkey
SYZGYWZ5T,wolf
SYZGYWZ5T,lion
SYZGYWZ5T,zebra
SYZGYWZ5T,elephant
SYZGYWZ5T,parrot
SYZGYWZ5T,wolf
SYZGYWZ5T,panda
SYZGYWZ5T,giraffe
SYZGYWZ5T,hippopotamus
SYZGYWZ5T,monkey
SYZGYWZ5T,penguin
SYZGYWZ5T,alligator
SYZGYWZ5T,crocodile
SXIWNF0AZ,monkey
SXIWNF0AZ,hippopotamus
SXIWNF0AZ,snake
SXIWNF0AZ,bear
SXIWNF0AZ,cat
SXIWNF0AZ,dog
SXIWNF0AZ,hippo
SXIWNF0AZ,horse
SXIWNF0AZ,rhinoceros
SXIWNF0AZ,chimpanzee
SXIWNF0AZ,gorilla
SXIWNF0AZ,zebra
SXIWNF0AZ,kangaroo
SXIWNF0AZ,rabbit
SXIWNF0AZ,turtle
SXIWNF0AZ,toad
SXIWNF0AZ,frog
SXIWNF0AZ,bird
SXIWNF0AZ,hawk
SXIWNF0AZ,dolphin
SXIWNF0AZ,mammal
SXIWNF0AZ,whale
SQ2Z0UGZT,cat
SQ2Z0UGZT,dog
SQ2Z0UGZT,turtle
SQ2Z0UGZT,poodle
SQ2Z0UGZT,cat
SQ2Z0UGZT,dog
SQ2Z0UGZT,horse
SQ2Z0UGZT,turtle
SQ2Z0UGZT,hippopotamus
SQ2Z0UGZT,rat
SQ2Z0UGZT,racoon
SQ2Z0UGZT,tiger
SQ2Z0UGZT,lion
SQ2Z0UGZT,crocodile
SQ2Z0UGZT,squid
SQ2Z0UGZT,fish
SQ2Z0UGZT,shark
SF342QT8Y,lion
SF342QT8Y,zebra
SF342QT8Y,wolf
SF342QT8Y,dog
SF342QT8Y,cat
SF342QT8Y,elephant
SF342QT8Y,deer
SF342QT8Y,bear
SF342QT8Y,fox
SF342QT8Y,kangaroo
SF342QT8Y,tiger
SF342QT8Y,penguin
SF342QT8Y,monkey
SF342QT8Y,gorilla
SF342QT8Y,ape
SF342QT8Y,racoon
SF342QT8Y,possum
SF342QT8Y,pig
SF342QT8Y,horse
S6BDJ6EYH,zebra
S6BDJ6EYH,elephant
S6BDJ6EYH,gorilla
S6BDJ6EYH,cat
S6BDJ6EYH,dog
S6BDJ6EYH,mouse
S6BDJ6EYH,lion
S6BDJ6EYH,cheetah
S6BDJ6EYH,giraffe
S6BDJ6EYH,pig
S6BDJ6EYH,chicken
S6BDJ6EYH,horse
S6BDJ6EYH,donkey
S6BDJ6EYH,eagle
S6BDJ6EYH,duck
S6BDJ6EYH,fowl
S6BDJ6EYH,squirrel
S6BDJ6EYH,beaver
S6BDJ6EYH,llama
S6BDJ6EYH,tiger
S6BDJ6EYH,buffalo
S6BDJ6EYH,moose
SYUR4FGQ1,dog
SYUR4FGQ1,cat
SYUR4FGQ1,horse
SYUR4FGQ1,cow
SYUR4FGQ1,moose
SYUR4FGQ1,rhinoceros
SYUR4FGQ1,elephant
SYUR4FGQ1,giraffe
SYUR4FGQ1,guinea pig
SYUR4FGQ1,bird
SYUR4FGQ1,squirrel
SYUR4FGQ1,rhinoceros
SYUR4FGQ1,iguana
SYUR4FGQ1,pony
SGTR2Q6BB,cat
SGTR2Q6BB,dog
SGTR2Q6BB,bird
SGTR2Q6BB,fish
SGTR2Q6BB,llama
SGTR2Q6BB,camel
SGTR2Q6BB,jaguar
SGTR2Q6BB,panther
SGTR2Q6BB,elephant
SGTR2Q6BB,giraffe
SGTR2Q6BB,cow
SGTR2Q6BB,horse
SGTR2Q6BB,goldfish
SGTR2Q6BB,pheasant
SGTR2Q6BB,fox
SGTR2Q6BB,deer
SGTR2Q6BB,bison
SGTR2Q6BB,turtle
SGTR2Q6BB,hippo
SGTR2Q6BB,lions
SGTR2Q6BB,monkeys
SGTR2Q6BB,chimpanzee
SGTR2Q6BB,peacock
SMXCRBLMF,cat
SMXCRBLMF,dog
SMXCRBLMF,fish
SMXCRBLMF,bird
SMXCRBLMF,elephant
SMXCRBLMF,tiger
SMXCRBLMF,giraffe
SMXCRBLMF,hippo
SMXCRBLMF,possum
SMXCRBLMF,turtle
SMXCRBLMF,chicken
SMXCRBLMF,horse
SMXCRBLMF,llama
SMXCRBLMF,eagle
SMXCRBLMF,lemur
SMXCRBLMF,bat
SMXCRBLMF,fish
SMXCRBLMF,whale
SMXCRBLMF,crab
SMXCRBLMF,lions
SMXCRBLMF,bear
SP89008WC,mouse
SP89008WC,cat
SP89008WC,dog
SP89008WC,cow
SP89008WC,goat
SP89008WC,chicken
SP89008WC,elephant
SP89008WC,horse
SP89008WC,giraffe
SP89008WC,bear
SP89008WC,grizzly bear
SP89008WC,polar bear
SP89008WC,penguin
SP89008WC,fish
SP89008WC,whale
SP89008WC,sea urchin
SP89008WC,jellyfish
SP89008WC,flounder
SP89008WC,baboon
SP89008WC,monkey
SP89008WC,bird
SP89008WC,parrot
SP89008WC,parakeet
SP89008WC,toucan
SP89008WC,blue heron
SP89008WC,turtle
SP89008WC,frog
SP89008WC,lizard
SP89008WC,ferret
SP89008WC,mink
SP89008WC,fox
SP89008WC,rabbit
SP89008WC,deer
SP89008WC,moose
SP89008WC,elk
SP89008WC,buffalo
SP89008WC,ram
SP89008WC,sheep
S4BWCI343,cat
S4BWCI343,dog
S4BWCI343,rabbit
S4BWCI343,hen
S4BWCI343,pig
S4BWCI343,cow
S4BWCI343,horse
S4BWCI343,hog
S4BWCI343,goat
S4BWCI343,lamb
S4BWCI343,sheep
S4BWCI343,rooster
S4BWCI343,tiger
S4BWCI343,lion
S4BWCI343,bear
S4BWCI343,hippopotamus
S4BWCI343,rhinoceros
S4BWCI343,koala
S4BWCI343,kangaroo
S4BWCI343,donkey
S4BWCI343,lemur
S4BWCI343,alpaca
S4BWCI343,llama
S4BWCI343,snake
S4BWCI343,leopard
S4BWCI343,iguana
S4BWCI343,gecko
S4BWCI343,camel
S4BWCI343,giraffe
SI97V126S,lion
SI97V126S,gorilla
SI97V126S,tiger
SI97V126S,elephant
SI97V126S,seal
SI97V126S,antelope
SI97V126S,muskrat
SI97V126S,rat
SI97V126S,dog
SI97V126S,cat
SI97V126S,bird
SI97V126S,whale
SI97V126S,swordfish
SI97V126S,flounder
SI97V126S,sea bass
SI97V126S,ant
SI97V126S,eagle
SI97V126S,hawk
SI97V126S,bluebird
SI97V126S,sunfish
SI97V126S,snake
SI97V126S,muskrat
SI97V126S,tiger cub
SI97V126S,elephant
SI97V126S,pig
SI97V126S,seahawk
SL7UQL383,cat
SL7UQL383,dog
SL7UQL383,mouse
SL7UQL383,lion
SL7UQL383,tiger
SL7UQL383,cheetah
SL7UQL383,monkey
SL7UQL383,snake
SL7UQL383,zebra
SL7UQL383,alligator
SL7UQL383,crocodile
SL7UQL383,chicken
SL7UQL383,rooster
SL7UQL383,pig
SL7UQL383,cow
SL7UQL383,calf
SL7UQL383,sheep
SL7UQL383,goat
SL7UQL383,llama
SL7UQL383,alpaca
SL7UQL383,penguin
SL7UQL383,platypus
SL7UQL383,aardvark
SL7UQL383,bear
SL7UQL383,ape
SL7UQL383,baboon
SL7UQL383,panther
SL7UQL383,ocelot
SYCR5Q5ZM,cat
SYCR5Q5ZM,dog
SYCR5Q5ZM,zebra
SYCR5Q5ZM,giraffe
SYCR5Q5ZM,tiger
SYCR5Q5ZM,elephant
SYCR5Q5ZM,monkey
SYCR5Q5ZM,chimpanzee
SYCR5Q5ZM,gorilla
SYCR5Q5ZM,snake
SYCR5Q5ZM,bird
SYCR5Q5ZM,worm
SYCR5Q5ZM,camel
SYCR5Q5ZM,elephant
SYCR5Q5ZM,dogs
SYCR5Q5ZM,cheetah
SYCR5Q5ZM,bear
SYCR5Q5ZM,panda bear
SYCR5Q5ZM,hippo
SYCR5Q5ZM,rhinoceros
SYCR5Q5ZM,alligator
SYCR5Q5ZM,chimpanzee
STT2T3HJQ,bull
STT2T3HJQ,fox
STT2T3HJQ,cow
STT2T3HJQ,gorilla
STT2T3HJQ,giraffe
STT2T3HJQ,cat
STT2T3HJQ,dog
STT2T3HJQ,hippopotamus
STT2T3HJQ,rhino
STT2T3HJQ,hawk
STT2T3HJQ,vulture
STT2T3HJQ,alligator
STT2T3HJQ,crocodile
STT2T3HJQ,water buffalo
STT2T3HJQ,oxen
SRKBSMM43,dog
SRKBSMM43,cat
SRKBSMM43,horse
SRKBSMM43,sheep
SRKBSMM43,cow
SRKBSMM43,turtle
SRKBSMM43,shark
SRKBSMM43,squirrel
SRKBSMM43,fox
SRKBSMM43,deer
SRKBSMM43,lion
SRKBSMM43,tiger
SRKBSMM43,bear
SRKBSMM43,horse
SRKBSMM43,camel
SRKBSMM43,mule
SRKBSMM43,pig
SRKBSMM43,lamb
SRKBSMM43,chicken
SRKBSMM43,hen
SV3JPE96P,cow
SV3JPE96P,zebra
SV3JPE96P,elephant
SV3JPE96P,snake
SV3JPE96P,lion
SV3JPE96P,chimpanzee
SV3JPE96P,gorilla
SV3JPE96P,eagle
SV3JPE96P,pelican
SV3JPE96P,giraffe
SV3JPE96P,turtle
SV3JPE96P,alligator
SV3JPE96P,lion
SV3JPE96P,tiger
SV3JPE96P,zebra
SV3JPE96P,bear
S1L1BLFPO,cat
S1L1BLFPO,dog
S1L1BLFPO,parakeet
S1L1BLFPO,lion
S1L1BLFPO,tiger
S1L1BLFPO,zebra
S1L1BLFPO,rooster
S1L1BLFPO,deer
S1L1BLFPO,fox
S1L1BLFPO,snake
S1L1BLFPO,chicken
S1L1BLFPO,parakeet
S1L1BLFPO,hippopotamus
S1L1BLFPO,rhinoceros
S1L1BLFPO,mountain lion
S1L1BLFPO,gorilla
S1L1BLFPO,monkey
S1L1BLFPO,whale
S1L1BLFPO,skunk
S1L1BLFPO,racoon
S1L1BLFPO,possum
S1L1BLFPO,mouse
S1L1BLFPO,rat
S1L1BLFPO,tick
S1L1BLFPO,flea
S1L1BLFPO,beaver
S1L1BLFPO,mosquito
SSC66K9JX,cat
SSC66K9JX,dog
SSC66K9JX,mouse
SSC66K9JX,moose
SSC66K9JX,rabbit
SSC66K9JX,squirrel
SSC66K9JX,deer
SSC66K9JX,sheep
SSC66K9JX,cow
SSC66K9JX,aardvark
SSC66K9JX,anteater
SSC66K9JX,llama
SSC66K9JX,alpaca
SSC66K9JX,fox
SSC66K9JX,mule
SSC66K9JX,rat
SSC66K9JX,bird
SSC66K9JX,shark
SSC66K9JX,dolphin
SSC66K9JX,whale
SSC66K9JX,fish
SSC66K9JX,spider
SSC66K9JX,ant
SSC66K9JX,cockroach
SSC66K9JX,snake
SSC66K9JX,alligator
SSC66K9JX,crocodile
SSC66K9JX,pig
S1RQTIKHE,bear
S1RQTIKHE,tiger
S1RQTIKHE,lion
S1RQTIKHE,cat
S1RQTIKHE,dog
S1RQTIKHE,racoon
S1RQTIKHE,possum
S1RQTIKHE,deer
S1RQTIKHE,rhinoceros
S1RQTIKHE,elephant
S1RQTIKHE,cheetah
S1RQTIKHE,gerbil
S1RQTIKHE,mouse
S1RQTIKHE,bird
S1RQTIKHE,whale
S1RQTIKHE,dolphin
S1RQTIKHE,fish
S1RQTIKHE,stingray
S1RQTIKHE,octopus
S1RQTIKHE,snail
S1RQTIKHE,crab
S1RQTIKHE,cow
S1RQTIKHE,sheep
S2FJZIKF5,giraffe
S2FJZIKF5,ape
S2FJZIKF5,gorilla
S2FJZIKF5,cat
S2FJZIKF5,dog
S2FJZIKF5,fish
S2FJZIKF5,fox
S2FJZIKF5,possum
S2FJZIKF5,deer
S2FJZIKF5,duck
S2FJZIKF5,bear
S2FJZIKF5,tiger
S2FJZIKF5,lion
S2FJZIKF5,panther
S2FJZIKF5,elephant
S2FJZIKF5,penguin
S2FJZIKF5,cheetah
S2FJZIKF5,crocodile
S2FJZIKF5,parrot
S2FJZIKF5,hawk
S2FJZIKF5,shark
S2FJZIKF5,polar bear
S2FJZIKF5,rat
S2FJZIKF5,squirrel
S2FJZIKF5,pigeon
S2FJZIKF5,canary
SLS0503DX,cat
SLS0503DX,dog
SLS0503DX,horse
SLS0503DX,rabbit
SLS0503DX,racoon
SLS0503DX,turkey
SLS0503DX,chicken
SLS0503DX,cow
SLS0503DX,bird
SLS0503DX,rooster
SLS0503DX,lion
SLS0503DX,tiger
SLS0503DX,bear
SLS0503DX,camel
SLS0503DX,sheep
SLS0503DX,goat
SLS0503DX,rabbit
S1CF93JY9,cat
S1CF93JY9,dog
S1CF93JY9,alligator
S1CF93JY9,giraffe
S1CF93JY9,hippopotamus
S1CF93JY9,tiger
S1CF93JY9,chicken
S1CF93JY9,lion
S1CF93JY9,chimpanzee
S1CF93JY9,hippopotamus
S1CF93JY9,fish
S1CF93JY9,giraffe
S1CF93JY9,kangaroo
S1CF93JY9,mouse
SYDOVXOPS,cat
SYDOVXOPS,dog
SYDOVXOPS,alligator
SYDOVXOPS,squirrel
SYDOVXOPS,rat
SYDOVXOPS,fox
SYDOVXOPS,elephant
SYDOVXOPS,tiger
SYDOVXOPS,lion
SYDOVXOPS,monkey
SYDOVXOPS,giraffe
SYDOVXOPS,cow
SYDOVXOPS,horse
SYDOVXOPS,kangaroo
SYDOVXOPS,zebra
SYDOVXOPS,duck
SH4PIK3J7,dog
SH4PIK3J7,cat
SH4PIK3J7,rat
SH4PIK3J7,turtle
SH4PIK3J7,giraffe
SH4PIK3J7,alligator
SH4PIK3J7,moose
SH4PIK3J7,cow
SH4PIK3J7,horse
SH4PIK3J7,bird
SH4PIK3J7,tiger
SH4PIK3J7,lion
SH4PIK3J7,boar
SH4PIK3J7,eagle
STNFRBHKU,jackass
STNFRBHKU,buffalo
STNFRBHKU,cheetah
STNFRBHKU,deer
STNFRBHKU,giraffe
STNFRBHKU,alligator
STNFRBHKU,crocodile
STNFRBHKU,goldfish
STNFRBHKU,horse
STNFRBHKU,cat
STNFRBHKU,dog
STNFRBHKU,pig
STNFRBHKU,cow
STNFRBHKU,sheep
STNFRBHKU,goat
STNFRBHKU,llama
STNFRBHKU,zebra
STNFRBHKU,bison
STNFRBHKU,jaguar
STNFRBHKU,chimp
STNFRBHKU,monkey
STNFRBHKU,gorilla
STNFRBHKU,baboon
STNFRBHKU,rat
STNFRBHKU,mouse
STNFRBHKU,ant
STNFRBHKU,grasshopper
STNFRBHKU,cicada
STNFRBHKU,dove
STNFRBHKU,eagle
SGWHJQFF1,alligator
SGWHJQFF1,aardvark
SGWHJQFF1,bear
SGWHJQFF1,bug
SGWHJQFF1,cat
SGWHJQFF1,cheetah
SGWHJQFF1,dog
SGWHJQFF1,elephant
SGWHJQFF1,fox
SGWHJQFF1,goat
SGWHJQFF1,gnu
SGWHJQFF1,horse
SGWHJQFF1,hare
SGWHJQFF1,kangaroo
SGWHJQFF1,llama
SGWHJQFF1,lion
SGWHJQFF1,mare
SGWHJQFF1,possum
SGWHJQFF1,panda bear
SGWHJQFF1,rabbit
S581TAEKT,cat
S581TAEKT,dog
S581TAEKT,horse
S581TAEKT,mouse
S581TAEKT,rat
S581TAEKT,orangutan
S581TAEKT,gorilla
S581TAEKT,chimpanzee
S581TAEKT,howler monkey
S581TAEKT,spider monkey
S581TAEKT,dolphin
S581TAEKT,porpoise
S581TAEKT,killer whale
S581TAEKT,gray whale
S581TAEKT,sperm whale
S581TAEKT,blue whale
S581TAEKT,elephant
S581TAEKT,wildebeest
S581TAEKT,gazelle
S581TAEKT,giraffe
S581TAEKT,cow
S581TAEKT,pig
S581TAEKT,hawk
S581TAEKT,bat
S581TAEKT,beetle
S581TAEKT,dog
S581TAEKT,wolf
S581TAEKT,lion
S581TAEKT,tiger
S581TAEKT,bear
S581TAEKT,shark
S581TAEKT,whale shark
S581TAEKT,snake
