SID,entry
90001,aardvark
90001,elephant
90001,lion
90001,tiger
90001,kangaroo
90001,camel
90001,cat
90001,dog
90001,frog
90001,gerbil
90001,hamster
90001,rabbit
90001,zebra
90001,bear
90001,wolf
90001,lemur
90001,bird
90001,tortoise
90001,turtle
90001,fish
90001,whale
90001,dolphin
90001,seahorse
90002,elephant
90002,antelope
90002,lion
90002,tiger
90002,bear
90002,dog
90002,cat
90002,mouse
90002,rat
90002,bat
90002,monkey
90002,gorilla
90002,cow
90002,horse
90002,donkey
90002,goat
90002,pig
90002,chicken
90002,zebra
90002,fox
90002,wolf
90002,polar bear
90002,lynx
90003,cat
90003,dog
90003,bird
90003,fish
90003,bear
90003,monkey
90003,rhinoceros
90003,zebra
90003,giraffe
90003,wolf
90003,bison
90003,owl
90003,wolf
90003,panda
90004,dog
90004,cat
90004,lion
90004,cheetah
90004,elephant
90004,hippopotamus
90004,goat
90004,horse
90004,donkey
90004,bear
90004,cow
90004,pig
90004,zebra
90004,sheep
90004,lamb
90004,monkey
90004,gorilla
90004,hippopotamus
90004,turtle
90005,lions
90005,tiger
90005,bear
90005,mouse
90005,cat
90005,dog
90005,horse
90005,zebra
90005,gorilla
90005,monkey
90005,zebra
90005,whale
90005,dolphin
90005,frog
90005,tadpole
90005,flies
90005,mosquito
90005,bee
90005,hornet
90005,elephant
90005,antelope
90006,elephant
90006,lion
90006,giraffe
90006,bear
90006,cat
90006,dog
90006,turtle
90006,fish
90006,aardvark
90006,ostrich
90006,kangaroo
90006,alligator
90006,crocodile
90006,snake
90006,monkey
90006,gorilla
90006,orangutan
90006,horse
90006,pig
90006,cow
90006,chicken
90007,cat
90007,dog
90007,frog
90007,turtle
90007,ant
90007,bee
90007,giraffe
90007,elephant
90007,tiger
90007,lion
90007,panda
90007,bear
90007,alligator
90007,crocodile
90007,snake
90007,lizard
90007,dragon
90007,bird
90007,gorilla
90007,ape
90007,monkey
90007,chimpanzee
90007,jaguar
90007,raccoon
90007,squirrel
90008,ape
90008,bear
90008,baboon
90008,cat
90008,dog
90008,elephant
90008,frog
90008,giraffe
90008,gorilla
90008,hyena
90008,jackal
90008,lion
90008,monkey
90008,duck
90008,geese
90008,pig
90008,horse
90008,goat
90008,zebra
90008,yak
90008,tiger
90009,elephant
90009,tiger
90009,groundhog
90009,giraffe
90009,cat
90009,dogs
90009,buffalo
90009,squirrel
90009,racoon
90009,deer
90009,fox
90009,bass
90009,trout
90009,shark
90009,turtle
90009,whale
90009,starfish
90009,jellyfish
90009,snake
90009,rattlesnake
90009,copperhead
90009,horse
90009,donkey
90009,mules
90009,eagle
90009,hawk
90009,pigeon
90009,crow
90010,cat
90010,dog
90010,lion
90010,tiger
90010,bear
90010,polar bear
90010,snake
90010,squirrel
90010,chipmunk
90010,fish
90010,shark
90010,giraffe
90010,monkeys
90010,elephant
90010,butterflies
90011,dog
90011,cat
90011,rat
90011,rabbit
90011,rhinoceros
90011,giraffe
90011,lion
90011,tiger
90011,bear
90011,deer
90011,alligator
90011,racoon
90011,possum
90011,zebra
90011,horse
90012,cat
90012,dog
90012,bird
90012,zebra
90012,giraffe
90012,lion
90012,racoon
90012,squirrel
90012,chipmunk
90012,rat
90012,mouse
90012,horse
90012,donkey
90012,mule
90012,chicken
90012,goose
90012,duck
90012,fox
90012,coyote
90012,eagle
90012,robin
90012,redbird
90012,blue jay
90012,possum
90013,cat
90013,dog
90013,horse
90013,cow
90013,chicken
90013,giraffe
90013,bear
90013,monkey
90013,dog
90013,lion
90013,camel
90013,pig
90013,steer
90013,hippo
90013,penguin
90013,seal
90013,walrus
90014,cat
90014,dogs
90014,turtle
90014,bird
90014,monkeys
90014,lizard
90014,foxes
90014,racoon
90014,possum
90014,squirrel
90014,deer
90014,zebra
90014,elephant
90014,camel
90014,hamster
90014,mice
90014,rat
90014,chipmunk
90014,lions
90014,tiger
90014,bear
90015,cat
90015,dog
90015,elephant
90015,giraffe
90015,antelope
90015,bird
90015,turtle
90015,lizard
90015,whale
90015,fish
90015,squid
90015,octopus
90015,cheetah
90015,lion
90015,hyena
90015,deer
90015,antelope
90015,moose
90015,weasel
90015,vole
90015,mole
90015,mouse
90015,rat
90015,kangaroo
90015,possum
90015,fox
90015,deer
90016,cat
90016,dog
90016,bird
90016,lion
90016,tiger
90016,elephant
90016,giraffe
90016,dolphin
90016,whale
90016,shark
90016,wolf
90016,fox
90016,panther
90016,leopard
90016,gazelle
90016,deer
90016,squirrel
90016,rabbit
90016,turkey
90016,quail
90016,pheasant
90016,zebra
90016,buffalo
90016,cow
90016,chicken
90016,steer
90017,bird
90017,cat
90017,dogs
90017,horse
90017,cat
90017,goats
90017,sheep
90017,chicken
90017,turkey
90017,hen
90017,lion
90017,tiger
90017,hyena
90017,zebra
90017,elephant
90017,jack
90017,caterpillar
90017,snake
90017,hyenas
90017,hippopotamus
90017,donkey
90017,pig
90017,earthworm
90017,spider
90017,flea
90017,ant
90018,alligator
90018,bat
90018,cat
90018,dog
90018,elephant
90018,tiger
90018,fish
90018,bear
90018,raccoon
90018,squirrel
90018,bird
90018,turtle
90018,crocodile
90018,lion
90018,zebra
90018,chipmunk
90018,foxes
90018,lynx
90018,mountain lion
90018,dolphin
90018,lizard
90018,lynx
90018,polar bear
90019,dog
90019,cat
90019,bear
90019,wolf
90019,groundhog
90019,mouse
90019,squirrel
90019,racoon
90019,wolf
90019,coyote
90019,lion
90019,tiger
90019,elephant
90019,hippopotamus
90019,alligator
90019,bird
90019,hamster
90020,dog
90020,cat
90020,horse
90020,camel
90020,rattlesnake
90020,cobra
90020,elephant
90020,mastodon
90020,human being
90020,monkey
90020,chimpanzee
90020,chicken
90020,rooster
90020,cow
90020,sheep
90020,goat
90020,frog
90020,carp
90020,salmon
90020,whale
90021,cat
90021,dog
90021,zebra
90021,elephant
90021,cheetah
90021,monkey
90021,wolf
90021,lion
90021,zebra
90021,elephant
90021,parrot
90021,wolf
90021,panda
90021,giraffe
90021,hippopotamus
90021,monkey
90021,penguin
90021,alligator
90021,crocodile
90022,monkey
90022,hippopotamus
90022,snake
90022,bear
90022,cat
90022,dog
90022,hippo
90022,horse
90022,rhinoceros
90022,chimpanzee
90022,gorilla
90022,zebra
90022,kangaroo
90022,rabbit
90022,turtle
90022,toad
90022,frog
90022,bird
90022,hawk
90022,dolphin
90022,mammal
90022,whale
90023,cat
90023,dog
90023,turtle
90023,poodle
90023,cat
90023,dog
90023,horse
90023,turtle
90023,hippopotamus
90023,rat
90023,racoon
90023,tiger
90023,lion
90023,crocodile
90023,squid
90023,fish
90023,shark
90024-2,lion
90024-2,zebra
90024-2,wolf
90024-2,dog
90024-2,cat
90024-2,elephant
90024-2,deer
90024-2,bear
90024-2,fox
90024-2,kangaroo
90024-2,tiger
90024-2,penguin
90024-2,monkey
90024-2,gorilla
90024-2,ape
90024-2,racoon
90024-2,possum
90024-2,pig
90024-2,horse
90024,zebra
90024,elephant
90024,gorilla
90024,cat
90024,dog
90024,mouse
90024,lion
90024,cheetah
90024,giraffe
90024,pig
90024,chicken
90024,horse
90024,donkey
90024,eagle
90024,duck
90024,fowl
90024,squirrel
90024,beaver
90024,llama
90024,tiger
90024,buffalo
90024,moose
90025,dog
90025,cat
90025,horse
90025,cow
90025,moose
90025,rhinoceros
90025,elephant
90025,giraffe
90025,guinea pig
90025,bird
90025,squirrel
90025,rhinoceros
90025,iguana
90025,pony
90026-2,cat
90026-2,dog
90026-2,bird
90026-2,fish
90026-2,llama
90026-2,camel
90026-2,jaguar
90026-2,panther
90026-2,elephant
90026-2,giraffe
90026-2,cow
90026-2,horse
90026-2,goldfish
90026-2,pheasant
90026-2,fox
90026-2,deer
90026-2,bison
90026-2,turtle
90026-2,hippo
90026-2,lions
90026-2,monkeys
90026-2,chimpanzee
90026-2,peacock
90026,cat
90026,dog
90026,fish
90026,bird
90026,elephant
90026,tiger
90026,giraffe
90026,hippo
90026,possum
90026,turtle
90026,chicken
90026,horse
90026,llama
90026,eagle
90026,lemur
90026,bat
90026,fish
90026,whale
90026,crab
90026,lions
90026,bear
90027,mouse
90027,cat
90027,dog
90027,cow
90027,goat
90027,chicken
90027,elephant
90027,horse
90027,giraffe
90027,bear
90027,grizzly bear
90027,polar bear
90027,penguin
90027,fish
90027,whale
90027,sea urchin
90027,jellyfish
90027,flounder
90027,baboon
90027,monkey
90027,bird
90027,parrot
90027,parakeet
90027,toucan
90027,blue heron
90027,turtle
90027,frog
90027,lizard
90027,ferret
90027,mink
90027,fox
90027,rabbit
90027,deer
90027,moose
90027,elk
90027,buffalo
90027,ram
90027,sheep
90028,cat
90028,dog
90028,rabbit
90028,hen
90028,pig
90028,cow
90028,horse
90028,hog
90028,goat
90028,lamb
90028,sheep
90028,rooster
90028,tiger
90028,lion
90028,bear
90028,hippopotamus
90028,rhinoceros
90028,koala
90028,kangaroo
90028,donkey
90028,lemur
90028,alpaca
90028,llama
90028,snake
90028,leopard
90028,iguana
90028,gecko
90028,camel
90028,giraffe
90029,lion
90029,gorilla
90029,tiger
90029,elephant
90029,seal
90029,antelope
90029,muskrat
90029,rat
90029,dog
90029,cat
90029,bird
90029,whale
90029,swordfish
90029,flounder
90029,sea bass
90029,ant
90029,eagle
90029,hawk
90029,bluebird
90029,sunfish
90029,snake
90029,muskrat
90029,tiger cub
90029,elephant
90029,pig
90029,seahawk
90030,cat
90030,dog
90030,mouse
90030,lion
90030,tiger
90030,cheetah
90030,monkey
90030,snake
90030,zebra
90030,alligator
90030,crocodile
90030,chicken
90030,rooster
90030,pig
90030,cow
90030,calf
90030,sheep
90030,goat
90030,llama
90030,alpaca
90030,penguin
90030,platypus
90030,aardvark
90030,bear
90030,ape
90030,baboon
90030,panther
90030,ocelot
90031,cat
90031,dog
90031,zebra
90031,giraffe
90031,tiger
90031,elephant
90031,monkey
90031,chimpanzee
90031,gorilla
90031,snake
90031,bird
90031,worm
90031,camel
90031,elephant
90031,dogs
90031,cheetah
90031,bear
90031,panda bear
90031,hippo
90031,rhinoceros
90031,alligator
90031,chimpanzee
90032,bull
90032,fox
90032,cow
90032,gorilla
90032,giraffe
90032,cat
90032,dog
90032,hippopotamus
90032,rhino
90032,hawk
90032,vulture
90032,alligator
90032,crocodile
90032,water buffalo
90032,oxen
90033,dog
90033,cat
90033,horse
90033,sheep
90033,cow
90033,turtle
90033,shark
90033,squirrel
90033,fox
90033,deer
90033,lion
90033,tiger
90033,bear
90033,horse
90033,camel
90033,mule
90033,pig
90033,lamb
90033,chicken
90033,hen
90034,cow
90034,zebra
90034,elephant
90034,snake
90034,lion
90034,chimpanzee
90034,gorilla
90034,eagle
90034,pelican
90034,giraffe
90034,turtle
90034,alligator
90034,lion
90034,tiger
90034,zebra
90034,bear
90035,cat
90035,dog
90035,parakeet
90035,lion
90035,tiger
90035,zebra
90035,rooster
90035,deer
90035,fox
90035,snake
90035,chicken
90035,parakeet
90035,hippopotamus
90035,rhinoceros
90035,mountain lion
90035,gorilla
90035,monkey
90035,whale
90035,skunk
90035,racoon
90035,possum
90035,mouse
90035,rat
90035,tick
90035,flea
90035,beaver
90035,mosquito
90036,cat
90036,dog
90036,mouse
90036,moose
90036,rabbit
90036,squirrel
90036,deer
90036,sheep
90036,cow
90036,aardvark
90036,anteater
90036,llama
90036,alpaca
90036,fox
90036,mule
90036,rat
90036,bird
90036,shark
90036,dolphin
90036,whale
90036,fish
90036,spider
90036,ant
90036,cockroach
90036,snake
90036,alligator
90036,crocodile
90036,pig
90037,bear
90037,tiger
90037,lion
90037,cat
90037,dog
90037,racoon
90037,possum
90037,deer
90037,rhinoceros
90037,elephant
90037,cheetah
90037,gerbil
90037,mouse
90037,bird
90037,whale
90037,dolphin
90037,fish
90037,stingray
90037,octopus
90037,snail
90037,crab
90037,cow
90037,sheep
90038,giraffe
90038,ape
90038,gorilla
90038,cat
90038,dog
90038,fish
90038,fox
90038,possum
90038,deer
90038,duck
90038,bear
90038,tiger
90038,lion
90038,panther
90038,elephant
90038,penguin
90038,cheetah
90038,crocodile
90038,parrot
90038,hawk
90038,shark
90038,polar bear
90038,rat
90038,squirrel
90038,pigeon
90038,canary
90039,cat
90039,dog
90039,horse
90039,rabbit
90039,racoon
90039,turkey
90039,chicken
90039,cow
90039,bird
90039,rooster
90039,lion
90039,tiger
90039,bear
90039,camel
90039,sheep
90039,goat
90039,rabbit
90040-2,cat
90040-2,dog
90040-2,alligator
90040-2,giraffe
90040-2,hippopotamus
90040-2,tiger
90040-2,chicken
90040-2,lion
90040-2,chimpanzee
90040-2,hippopotamus
90040-2,fish
90040-2,giraffe
90040-2,kangaroo
90040-2,mouse
90040,cat
90040,dog
90040,alligator
90040,squirrel
90040,rat
90040,fox
90040,elephant
90040,tiger
90040,lion
90040,monkey
90040,giraffe
90040,cow
90040,horse
90040,kangaroo
90040,zebra
90040,duck
90041,dog
90041,cat
90041,rat
90041,turtle
90041,giraffe
90041,alligator
90041,moose
90041,cow
90041,horse
90041,bird
90041,tiger
90041,lion
90041,boar
90041,eagle
90042,jackass
90042,buffalo
90042,cheetah
90042,deer
90042,giraffe
90042,alligator
90042,crocodile
90042,goldfish
90042,horse
90042,cat
90042,dog
90042,pig
90042,cow
90042,sheep
90042,goat
90042,llama
90042,zebra
90042,bison
90042,jaguar
90042,chimp
90042,monkey
90042,gorilla
90042,baboon
90042,rat
90042,mouse
90042,ant
90042,grasshopper
90042,cicada
90042,dove
90042,eagle
90043,alligator
90043,aardvark
90043,bear
90043,bug
90043,cat
90043,cheetah
90043,dog
90043,elephant
90043,fox
90043,goat
90043,gnu
90043,horse
90043,hare
90043,kangaroo
90043,llama
90043,lion
90043,mare
90043,possum
90043,panda bear
90043,rabbit
90044,cat
90044,dog
90044,horse
90044,mouse
90044,rat
90044,orangutan
90044,gorilla
90044,chimpanzee
90044,howler monkey
90044,spider monkey
90044,dolphin
90044,porpoise
90044,killer whale
90044,gray whale
90044,sperm whale
90044,blue whale
90044,elephant
90044,wildebeest
90044,gazelle
90044,giraffe
90044,cow
90044,pig
90044,hawk
90044,bat
90044,beetle
90044,dog
90044,wolf
90044,lion
90044,tiger
90044,bear
90044,shark
90044,whale shark
90044,snake
