Subject,entry
SA0EXFJ6O,dog
SA0EXFJ6O,cat
SA0EXFJ6O,goldfish
SA0EXFJ6O,llama
SA0EXFJ6O,horse
SA0EXFJ6O,pig
SA0EXFJ6O,turtle
SA0EXFJ6O,snake
SA0EXFJ6O,iguana
SA0EXFJ6O,hamster
SA0EXFJ6O,gerbil
SA0EXFJ6O,pony
S0THV7BGE,dog
S0THV7BGE,cat
S0THV7BGE,rabbit
S0THV7BGE,squirrel
S0THV7BGE,leopard
S0THV7BGE,owl
S0THV7BGE,elephant
S0THV7BGE,giraffe
S0THV7BGE,hippo
S0THV7BGE,snake
S0THV7BGE,rhino
S0THV7BGE,ape
S0THV7BGE,monkey
S0THV7BGE,bear
SZ3H0G9LT,horse
SZ3H0G9LT,cat
SZ3H0G9LT,dog
SZ3H0G9LT,sheep
SZ3H0G9LT,lamb
SZ3H0G9LT,kangaroo
SZ3H0G9LT,owl
SZ3H0G9LT,hippo
SZ3H0G9LT,newt
SZ3H0G9LT,ape
SZ3H0G9LT,lion
SZ3H0G9LT,tiger
SZ3H0G9LT,pig
SZ3H0G9LT,rabbit
SQFKJHQT6,tiger
SQFKJHQT6,giraffe
SQFKJHQT6,monkey
SQFKJHQT6,dog
SQFKJHQT6,cat
SQFKJHQT6,rabbit
SQFKJHQT6,caterpillar
SQFKJHQT6,hippo
SQFKJHQT6,snake
SQFKJHQT6,orangutang
SSM0G67C3,skunk
SSM0G67C3,rabbit
SSM0G67C3,groundhog
SSM0G67C3,deer
SSM0G67C3,elephant
SSM0G67C3,tiger
SSM0G67C3,lion
SSM0G67C3,zebra
SSM0G67C3,walrus
SSM0G67C3,cow
SSM0G67C3,dog
SSM0G67C3,chipmunk
SI31BB1MB,elephant
SI31BB1MB,monkey
SI31BB1MB,gorilla
SI31BB1MB,bear
SI31BB1MB,kangaroo
SI31BB1MB,dog
SI31BB1MB,cat
SI31BB1MB,mouse
SI31BB1MB,parakeet
SI31BB1MB,bird
SQ6JD8QML,cat
SQ6JD8QML,dog
SQ6JD8QML,horse
SQ6JD8QML,goat
SQ6JD8QML,lion
SQ6JD8QML,cheetah
SQ6JD8QML,orangutan
SQ6JD8QML,gorilla
SQ6JD8QML,monkey
SQ6JD8QML,marmoset
SQ6JD8QML,rhinoceros
SQ6JD8QML,hippopotamus
SQ6JD8QML,giraffe
SQ6JD8QML,hyena
SQ6JD8QML,sheep
STB2A6VT0,dog
STB2A6VT0,cat
STB2A6VT0,chicken
STB2A6VT0,cows
STB2A6VT0,horse
STB2A6VT0,whale
STB2A6VT0,shark
STB2A6VT0,fish
STB2A6VT0,pig
STB2A6VT0,cheetah
STB2A6VT0,orangutan
STB2A6VT0,bird
SCSKIV4QZ,dog
SCSKIV4QZ,cat
SCSKIV4QZ,alligator
SCSKIV4QZ,ducks
SCSKIV4QZ,swan
SCSKIV4QZ,bird
SCSKIV4QZ,sheep
SCSKIV4QZ,cow
SCSKIV4QZ,horse
SCSKIV4QZ,sow
SCSKIV4QZ,pig
SNU79FATP,bear
SNU79FATP,lion
SNU79FATP,donkey
SNU79FATP,zebra
SNU79FATP,snake
SNU79FATP,monkey
SNU79FATP,crocodile
SNU79FATP,horse
SNU79FATP,pig
SNU79FATP,cow
SNU79FATP,duck
SNU79FATP,fox
SNU79FATP,wolf
SNU79FATP,bull
SNU79FATP,tiger
SKYSTF542,tiger
SKYSTF542,lion
SKYSTF542,leopard
SKYSTF542,cougar
SKYSTF542,wolf
SKYSTF542,fox
SKYSTF542,lynx
SKYSTF542,eagle
SKYSTF542,owl
SKYSTF542,bird
SKYSTF542,robin
SKYSTF542,wren
SKYSTF542,goat
SKYSTF542,sheep
SKYSTF542,cow
SKYSTF542,horse
SKYSTF542,rooster
SHFJIWL7E,cat
SHFJIWL7E,dog
SHFJIWL7E,elephant
SHFJIWL7E,lion
SHFJIWL7E,turkey
SHFJIWL7E,cow
SHFJIWL7E,goat
SHFJIWL7E,octopus
SHFJIWL7E,giraffe
SHFJIWL7E,sealion
SHFJIWL7E,seal
SHFJIWL7E,squid
SHFJIWL7E,zebra
SHFJIWL7E,tiger
SHFJIWL7E,panther
SHFJIWL7E,leopard
SHFJIWL7E,mouse
SHFJIWL7E,camel
SHFJIWL7E,ostrich
SHFJIWL7E,monkey
SPNM80TCD,cat
SPNM80TCD,lion
SPNM80TCD,giraffe
SPNM80TCD,leopard
SPNM80TCD,elephant
SPNM80TCD,zebra
SPNM80TCD,fish
SPNM80TCD,pig
SPNM80TCD,goat
SPNM80TCD,alligator
SZ42SHR48,dog
SZ42SHR48,cat
SZ42SHR48,beaver
SZ42SHR48,fox
SZ42SHR48,bear
SZ42SHR48,elephant
SZ42SHR48,rhino
SZ42SHR48,giraffe
SZ42SHR48,monkey
SZ42SHR48,snake
SZ42SHR48,buffalo
SZ42SHR48,cow
SZ42SHR48,horse
SZ42SHR48,squirrel
SQWE98YKF,cow
SQWE98YKF,dog
SQWE98YKF,cat
SQWE98YKF,lion
SQWE98YKF,zebra
SQWE98YKF,elephant
SQWE98YKF,gazelle
SQWE98YKF,wolf
SQWE98YKF,goat
SQWE98YKF,pig
SQWE98YKF,donkey
SQWE98YKF,gorilla
SQWE98YKF,monkeys
SQWE98YKF,chimpanzee
SQWE98YKF,coyote
SNYRG573J,cat
SNYRG573J,mouse
SNYRG573J,elephant
SNYRG573J,zebra
SNYRG573J,ostrich
SNYRG573J,rhino
SNYRG573J,alligator
SNYRG573J,monkey
SNYRG573J,bird
SNYRG573J,crocodile
SJDVP34TZ,cat
SJDVP34TZ,dog
SJDVP34TZ,horse
SJDVP34TZ,cow
SJDVP34TZ,bull
SJDVP34TZ,beaver
SJDVP34TZ,buffalo
SJDVP34TZ,lion
SJDVP34TZ,bear
SJDVP34TZ,tiger
SJDVP34TZ,panther
SJDVP34TZ,chimpanzee
SJDVP34TZ,fox
SJDVP34TZ,wolf
SJDVP34TZ,elephant
SJDVP34TZ,fish
S4DYPS3MG,dog
S4DYPS3MG,cat
S4DYPS3MG,bird
S4DYPS3MG,lion
S4DYPS3MG,tiger
S4DYPS3MG,mouse
S4DYPS3MG,monkey
S4DYPS3MG,parrot
S4DYPS3MG,turkey
S4DYPS3MG,chicken
S4DYPS3MG,cow
S4DYPS3MG,squirrel
S4DYPS3MG,bug
SH15XG6FG,bear
SH15XG6FG,lion
SH15XG6FG,moose
SH15XG6FG,elephant
SH15XG6FG,giraffe
SH15XG6FG,tiger
SH15XG6FG,goat
SH15XG6FG,zebra
SH15XG6FG,pig
SH15XG6FG,horse
SH15XG6FG,chicken
SH15XG6FG,dog
SH15XG6FG,cat
SVNKWKOHP,cat
SVNKWKOHP,dog
SVNKWKOHP,rat
SVNKWKOHP,mouse
SVNKWKOHP,tiger
SVNKWKOHP,lion
SVNKWKOHP,bear
SVNKWKOHP,giraffe
SVNKWKOHP,hippo
SVNKWKOHP,owl
SVNKWKOHP,snake
SVNKWKOHP,cheetah
SVNKWKOHP,monkey
SVNKWKOHP,gorilla
SVNKWKOHP,aardvark
SVNKWKOHP,penguin
SZIBBVPSW,aardvark
SZIBBVPSW,dog
SZIBBVPSW,cat
SZIBBVPSW,goat
SZIBBVPSW,sheep
SZIBBVPSW,duck
SZIBBVPSW,cows
SZIBBVPSW,frog
SZIBBVPSW,chimpanzee
SZIBBVPSW,moose
SZIBBVPSW,wolf
SZIBBVPSW,kangaroo
SKY2MDSFC,cat
SKY2MDSFC,dog
SKY2MDSFC,spider
SKY2MDSFC,rabbit
SKY2MDSFC,tiger
SKY2MDSFC,elephant
SKY2MDSFC,monkey
SKY2MDSFC,hippopotamus
SKY2MDSFC,crocodile
SKY2MDSFC,giraffe
SXXD9UCEG,cat
SXXD9UCEG,dogs
SXXD9UCEG,cow
SXXD9UCEG,lion
SXXD9UCEG,giraffe
SXXD9UCEG,leopard
SXXD9UCEG,ape
SXXD9UCEG,fish
SXXD9UCEG,goat
SXXD9UCEG,elephant
S6U1P1F6J,dog
S6U1P1F6J,cat
S6U1P1F6J,horse
S6U1P1F6J,pig
S6U1P1F6J,cow
S6U1P1F6J,zebra
S6U1P1F6J,lion
S6U1P1F6J,tiger
S6U1P1F6J,elephant
S6U1P1F6J,rhino
S6U1P1F6J,giraffe
S6U1P1F6J,buffalo
S6U1P1F6J,hippo
S6U1P1F6J,croc
S67349J8X,cat
S67349J8X,dog
S67349J8X,mouse
S67349J8X,snake
S67349J8X,frog
S67349J8X,possum
S67349J8X,gator
S67349J8X,fox
S67349J8X,lion
S67349J8X,giraffe
S67349J8X,elephant
S67349J8X,tiger
S6TIOP7EA,elephant
S6TIOP7EA,bear
S6TIOP7EA,tiger
S6TIOP7EA,lion
S6TIOP7EA,zebra
S6TIOP7EA,bull
S6TIOP7EA,cat
S6TIOP7EA,aardvark
S6TIOP7EA,beagle
S6TIOP7EA,tiger
SBQ0YTZJ7,bird
SBQ0YTZJ7,dog
SBQ0YTZJ7,cat
SBQ0YTZJ7,horse
SBQ0YTZJ7,pig
SBQ0YTZJ7,mole
SBQ0YTZJ7,whale
SBQ0YTZJ7,bear
SBQ0YTZJ7,goats
SBQ0YTZJ7,alligator
SBQ0YTZJ7,crocodile
SBQ0YTZJ7,squirrel
SBQ0YTZJ7,rabbit
SBQ0YTZJ7,mice
SBQ0YTZJ7,rat
SBQ0YTZJ7,elephant
SBQ0YTZJ7,lions
SBQ0YTZJ7,tiger
SWCTUV8P3,cow
SWCTUV8P3,dog
SWCTUV8P3,cat
SWCTUV8P3,elephant
SWCTUV8P3,ape
SWCTUV8P3,giraffe
SWCTUV8P3,horse
SWCTUV8P3,mule
SWCTUV8P3,snake
SWCTUV8P3,bear
SWCTUV8P3,deer
SZFDTP5N8,cat
SZFDTP5N8,dog
SZFDTP5N8,horse
SZFDTP5N8,elephant
SZFDTP5N8,leopard
SZFDTP5N8,squirrel
SZFDTP5N8,whale
SZFDTP5N8,dolphin
SZFDTP5N8,bird
SZFDTP5N8,parrot
SZFDTP5N8,parakeet
SZFDTP5N8,snake
SZFDTP5N8,alligator
SZFDTP5N8,crocodile
SIFB620NZ,dog
SIFB620NZ,cat
SIFB620NZ,lion
SIFB620NZ,elephant
SIFB620NZ,giraffe
SIFB620NZ,goat
SIFB620NZ,cow
SIFB620NZ,gorilla
SIFB620NZ,squirrel
SIFB620NZ,rat
SIFB620NZ,bird
S8LK0XOXT,horse
S8LK0XOXT,dog
S8LK0XOXT,elephant
S8LK0XOXT,cat
S8LK0XOXT,rhinoceros
S8LK0XOXT,monkey
S8LK0XOXT,donkey
S8LK0XOXT,giraffe
S8LK0XOXT,lion
S8LK0XOXT,tiger
S8LK0XOXT,bear
S8LK0XOXT,fish
S8LK0XOXT,dolphin
S8LK0XOXT,whale
S8LK0XOXT,ape
S8LK0XOXT,orangutan
S8LK0XOXT,coyote
S8LK0XOXT,wolf
S9H21KN0M,mongoose
S9H21KN0M,snake
S9H21KN0M,lions
S9H21KN0M,hyenas
S9H21KN0M,zebra
S9H21KN0M,buffalo
S9H21KN0M,elephant
S9H21KN0M,crocodile
S9H21KN0M,alligator
S9H21KN0M,dog
S9H21KN0M,cat
S9H21KN0M,monkey
S9H21KN0M,ape
S9H21KN0M,shark
S9H21KN0M,whale
S9H21KN0M,seal
S9H21KN0M,penguin
S9H21KN0M,bear
S9H21KN0M,fox
S9H21KN0M,wolf
SJMLPAMIB,dog
SJMLPAMIB,cat
SJMLPAMIB,lion
SJMLPAMIB,tiger
SJMLPAMIB,cow
SJMLPAMIB,horse
SJMLPAMIB,wolf
SJMLPAMIB,elephant
SJMLPAMIB,raccoon
SJMLPAMIB,skunk
SJMLPAMIB,llama
SXH59PTCK,cat
SXH59PTCK,dog
SXH59PTCK,rabbit
SXH59PTCK,duck
SXH59PTCK,frog
SXH59PTCK,toad
SXH59PTCK,anteater
SXH59PTCK,mule
SXH59PTCK,horse
SXH59PTCK,mouse
SXH59PTCK,elephant
SXH59PTCK,tiger
SXH59PTCK,lion
S7WAMXAO1,frog
S7WAMXAO1,cow
S7WAMXAO1,horse
S7WAMXAO1,pig
S7WAMXAO1,giraffe
S7WAMXAO1,elephant
S7WAMXAO1,lion
S7WAMXAO1,tiger
S7WAMXAO1,bear
S7WAMXAO1,dog
S7WAMXAO1,cat
S7WAMXAO1,rhinoceros
S7WAMXAO1,turtle
SWD3DM2W8,dogs
SWD3DM2W8,cat
SWD3DM2W8,zebra
SWD3DM2W8,elephant
SWD3DM2W8,mice
SWD3DM2W8,rat
SWD3DM2W8,lions
SWD3DM2W8,tiger
SWD3DM2W8,bear
SWD3DM2W8,fish
SWD3DM2W8,squid
SWD3DM2W8,jellyfish
SKH1ODFKL,dog
SKH1ODFKL,cat
SKH1ODFKL,horse
SKH1ODFKL,tiger
SKH1ODFKL,bear
SKH1ODFKL,leopard
SKH1ODFKL,alligator
SKH1ODFKL,zebra
SKH1ODFKL,skunk
SKH1ODFKL,beaver
SKH1ODFKL,possum
SKH1ODFKL,gorilla
SKH1ODFKL,elephant
SMJICR29K,ass
SMJICR29K,bee
SMJICR29K,cat
SMJICR29K,dog
SMJICR29K,elephant
SMJICR29K,fox
SMJICR29K,gnu
SMJICR29K,hippo
SMJICR29K,jaguar
SMJICR29K,kangaroo
SMJICR29K,llama
SMJICR29K,meerkat
SMJICR29K,ocelot
SMJICR29K,puma
SMJICR29K,rhino
SY0RVZV9A,deer
SY0RVZV9A,dog
SY0RVZV9A,cat
SY0RVZV9A,bear
SY0RVZV9A,raccoon
SY0RVZV9A,rabbit
SY0RVZV9A,tiger
SY0RVZV9A,eagle
SY0RVZV9A,moose
SY0RVZV9A,lion
SY0RVZV9A,wolf
SY0RVZV9A,elephant
SY0RVZV9A,giraffe
SY0RVZV9A,cow
SY0RVZV9A,duck
SVWGSDD00,gorilla
SVWGSDD00,chimpanzee
SVWGSDD00,dog
SVWGSDD00,cheetah
SVWGSDD00,giraffe
SVWGSDD00,fish
SVWGSDD00,squirrel
SVWGSDD00,deer
SVWGSDD00,spider
SVWGSDD00,snake
SVWGSDD00,octopus
SVWGSDD00,shark
SVWGSDD00,wolverine
S2O2177WM,dog
S2O2177WM,cat
S2O2177WM,snake
S2O2177WM,rabbit
S2O2177WM,mouse
S2O2177WM,buffalo
S2O2177WM,horse
S2O2177WM,lizard
S2O2177WM,rat
S2O2177WM,roach
S2O2177WM,leopard
S2O2177WM,elephant
S2O2177WM,zebra
S2O2177WM,lion
STM9Q00VM,cat
STM9Q00VM,dog
STM9Q00VM,horse
STM9Q00VM,snake
STM9Q00VM,owl
STM9Q00VM,rat
STM9Q00VM,bird
STM9Q00VM,tiger
STM9Q00VM,elephant
STM9Q00VM,pig
STM9Q00VM,cow
STM9Q00VM,sea cow
STM9Q00VM,monkey
STM9Q00VM,giraffe
STM9Q00VM,crocodile
STM9Q00VM,rabbit
STM9Q00VM,scorpion
STM9Q00VM,goat
STM9Q00VM,flies
SL5WIQK63,cat
SL5WIQK63,dog
SL5WIQK63,cow
SL5WIQK63,horse
SL5WIQK63,skunk
SL5WIQK63,lion
SL5WIQK63,tiger
SL5WIQK63,bear
SL5WIQK63,rhino
SL5WIQK63,hippo
S4KI19AKH,dog
S4KI19AKH,cat
S4KI19AKH,mice
S4KI19AKH,rat
S4KI19AKH,monkey
S4KI19AKH,lion
S4KI19AKH,elephant
S4KI19AKH,giraffe
S4KI19AKH,zebra
S4KI19AKH,lamb
S4KI19AKH,seal
S4KI19AKH,dinosaurs
S4KI19AKH,ant
S4KI19AKH,spider
S4KI19AKH,bunny
S4KI19AKH,hamster
S4KI19AKH,skunk
S4KI19AKH,turkey
S4KI19AKH,chicken
S4KI19AKH,polar bear
SVM3UW00V,hippo
SVM3UW00V,dog
SVM3UW00V,cat
SVM3UW00V,mouse
SVM3UW00V,lion
SVM3UW00V,cow
SVM3UW00V,horse
SVM3UW00V,raccoon
SVM3UW00V,jaguar
SVM3UW00V,butterfly
SVM3UW00V,moth
SR3014XBN,zebra
SR3014XBN,tiger
SR3014XBN,bear
SR3014XBN,gorilla
SR3014XBN,cat
SR3014XBN,dog
SR3014XBN,octopus
SR3014XBN,whale
SR3014XBN,sheep
SR3014XBN,goat
S1F49XDY1,dog
S1F49XDY1,cat
S1F49XDY1,lion
S1F49XDY1,tiger
S1F49XDY1,giraffe
S1F49XDY1,elephant
S1F49XDY1,hippo
S1F49XDY1,leopard
S1F49XDY1,zebra
S1F49XDY1,kangaroo
S1F49XDY1,raccoon
SXZB06CVE,dog
SXZB06CVE,cat
SXZB06CVE,fish
SXZB06CVE,lion
SXZB06CVE,tiger
SXZB06CVE,bear
SXZB06CVE,zebra
SXZB06CVE,deer
SXZB06CVE,beaver
SXZB06CVE,elk
SXZB06CVE,coyote
SXZB06CVE,polar bear
SXZB06CVE,rhino
SXZB06CVE,hippopotamus
SXZB06CVE,monkey
SXZB06CVE,gorilla
SXZB06CVE,cheetah
SP12BT7QY,horse
SP12BT7QY,cow
SP12BT7QY,chicken
SP12BT7QY,dog
SP12BT7QY,cat
SP12BT7QY,pig
SP12BT7QY,rabbit
SP12BT7QY,squirrel
SP12BT7QY,raccoon
SP12BT7QY,possum
SP12BT7QY,lion
SP12BT7QY,tiger
SP12BT7QY,bear
SP12BT7QY,giraffe
SP12BT7QY,elephant
SP12BT7QY,bird
SP12BT7QY,seal
SP12BT7QY,fish
SP12BT7QY,parrot
SQ63X9XBT,dog
SQ63X9XBT,cat
SQ63X9XBT,elephant
SQ63X9XBT,zebra
SQ63X9XBT,giraffe
SQ63X9XBT,pig
SQ63X9XBT,donkey
SQ63X9XBT,monkey
SQ63X9XBT,cow
SQ63X9XBT,horse
SQ63X9XBT,snake
SQ63X9XBT,rabbit
SWRO8UGH3,bear
SWRO8UGH3,lion
SWRO8UGH3,tiger
SWRO8UGH3,monkey
SWRO8UGH3,elephant
SWRO8UGH3,zebra
SWRO8UGH3,dog
SWRO8UGH3,cat
SWRO8UGH3,horse
SWRO8UGH3,chimpanzee
SBSLPEC1Q,dog
SBSLPEC1Q,cat
SBSLPEC1Q,lion
SBSLPEC1Q,calf
SBSLPEC1Q,ram
SBSLPEC1Q,bear
SBSLPEC1Q,snake
SBSLPEC1Q,gerbil
SBSLPEC1Q,raccoon
SBSLPEC1Q,opossum
STQIIVLN4,dogs
STQIIVLN4,cat
STQIIVLN4,bear
STQIIVLN4,fox
STQIIVLN4,deer
STQIIVLN4,elephant
STQIIVLN4,giraffe
STQIIVLN4,ape
STQIIVLN4,gorilla
STQIIVLN4,lions
STQIIVLN4,buffalo
STQIIVLN4,hippopotamus
STQIIVLN4,cougar
STQIIVLN4,puma
STQIIVLN4,horse
