SID,entry
20002,dog
20002,cat
20002,goldfish
20002,llama
20002,horse
20002,pig
20002,turtle
20002,snake
20002,iguana
20002,hamster
20002,gerbil
20002,pony
20003,dog
20003,cat
20003,rabbit
20003,squirrel
20003,leopard
20003,owl
20003,elephant
20003,giraffe
20003,hippo
20003,snake
20003,rhino
20003,ape
20003,monkey
20003,bear
20006,horse
20006,cat
20006,dog
20006,sheep
20006,lamb
20006,kangaroo
20006,owl
20006,hippo
20006,newt
20006,ape
20006,lion
20006,tiger
20006,pig
20006,rabbit
20007,tiger
20007,giraffe
20007,monkey
20007,dog
20007,cat
20007,rabbit
20007,caterpillar
20007,hippo
20007,snake
20007,orangutang
20009,skunk
20009,rabbit
20009,groundhog
20009,deer
20009,elephant
20009,tiger
20009,lion
20009,zebra
20009,walrus
20009,cow
20009,dog
20009,chipmunk
20010,elephant
20010,monkey
20010,gorilla
20010,bear
20010,kangaroo
20010,dog
20010,cat
20010,mouse
20010,parakeet
20010,bird
20012,cat
20012,dog
20012,horse
20012,goat
20012,lion
20012,cheetah
20012,orangutan
20012,gorilla
20012,monkey
20012,marmoset
20012,rhinoceros
20012,hippopotamus
20012,giraffe
20012,hyena
20012,sheep
20013,dog
20013,cat
20013,chicken
20013,cows
20013,horse
20013,whale
20013,shark
20013,fish
20013,pig
20013,cheetah
20013,orangutan
20013,bird
20014,dog
20014,cat
20014,alligator
20014,ducks
20014,swan
20014,bird
20014,sheep
20014,cow
20014,horse
20014,sow
20014,pig
20015,bear
20015,lion
20015,donkey
20015,zebra
20015,snake
20015,monkey
20015,crocodile
20015,horse
20015,pig
20015,cow
20015,duck
20015,fox
20015,wolf
20015,bull
20015,tiger
20016,tiger
20016,lion
20016,leopard
20016,cougar
20016,wolf
20016,fox
20016,lynx
20016,eagle
20016,owl
20016,bird
20016,robin
20016,wren
20016,goat
20016,sheep
20016,cow
20016,horse
20016,rooster
20018,cat
20018,dog
20018,elephant
20018,lion
20018,turkey
20018,cow
20018,goat
20018,octopus
20018,giraffe
20018,sealion
20018,seal
20018,squid
20018,zebra
20018,tiger
20018,panther
20018,leopard
20018,mouse
20018,camel
20018,ostrich
20018,monkey
20023,cat
20023,lion
20023,giraffe
20023,leopard
20023,elephant
20023,zebra
20023,fish
20023,pig
20023,goat
20023,alligator
20024,dog
20024,cat
20024,beaver
20024,fox
20024,bear
20024,elephant
20024,rhino
20024,giraffe
20024,monkey
20024,snake
20024,buffalo
20024,cow
20024,horse
20024,squirrel
20025,cow
20025,dog
20025,cat
20025,lion
20025,zebra
20025,elephant
20025,gazelle
20025,wolf
20025,goat
20025,pig
20025,donkey
20025,gorilla
20025,monkeys
20025,chimpanzee
20025,coyote
20030,cat
20030,mouse
20030,elephant
20030,zebra
20030,ostrich
20030,rhino
20030,alligator
20030,monkey
20030,bird
20030,crocodile
20031,cat
20031,dog
20031,horse
20031,cow
20031,bull
20031,beaver
20031,buffalo
20031,lion
20031,bear
20031,tiger
20031,panther
20031,chimpanzee
20031,fox
20031,wolf
20031,elephant
20031,fish
20032,dog
20032,cat
20032,bird
20032,lion
20032,tiger
20032,mouse
20032,monkey
20032,parrot
20032,turkey
20032,chicken
20032,cow
20032,squirrel
20032,bug
20033,bear
20033,lion
20033,moose
20033,elephant
20033,giraffe
20033,tiger
20033,goat
20033,zebra
20033,pig
20033,horse
20033,chicken
20033,dog
20033,cat
20034,cat
20034,dog
20034,rat
20034,mouse
20034,tiger
20034,lion
20034,bear
20034,giraffe
20034,hippo
20034,owl
20034,snake
20034,cheetah
20034,monkey
20034,gorilla
20034,aardvark
20034,penguin
20039,aardvark
20039,dog
20039,cat
20039,goat
20039,sheep
20039,duck
20039,cows
20039,frog
20039,chimpanzee
20039,moose
20039,wolf
20039,kangaroo
20041,cat
20041,dog
20041,spider
20041,rabbit
20041,tiger
20041,elephant
20041,monkey
20041,hippopotamus
20041,crocodile
20041,giraffe
20049,cat
20049,dogs
20049,cow
20049,lion
20049,giraffe
20049,leopard
20049,ape
20049,fish
20049,goat
20049,elephant
20050,dog
20050,cat
20050,horse
20050,pig
20050,cow
20050,zebra
20050,lion
20050,tiger
20050,elephant
20050,rhino
20050,giraffe
20050,buffalo
20050,hippo
20050,croc
20052,cat
20052,dog
20052,mouse
20052,snake
20052,frog
20052,possum
20052,gator
20052,fox
20052,lion
20052,giraffe
20052,elephant
20052,tiger
20054,elephant
20054,bear
20054,tiger
20054,lion
20054,zebra
20054,bull
20054,cat
20054,aardvark
20054,beagle
20054,tiger
20055,bird
20055,dog
20055,cat
20055,horse
20055,pig
20055,mole
20055,whale
20055,bear
20055,goats
20055,alligator
20055,crocodile
20055,squirrel
20055,rabbit
20055,mice
20055,rat
20055,elephant
20055,lions
20055,tiger
20062,cow
20062,dog
20062,cat
20062,elephant
20062,ape
20062,giraffe
20062,horse
20062,mule
20062,snake
20062,bear
20062,deer
20065,cat
20065,dog
20065,horse
20065,elephant
20065,leopard
20065,squirrel
20065,whale
20065,dolphin
20065,bird
20065,parrot
20065,parakeet
20065,snake
20065,alligator
20065,crocodile
20066,dog
20066,cat
20066,lion
20066,elephant
20066,giraffe
20066,goat
20066,cow
20066,gorilla
20066,squirrel
20066,rat
20066,bird
20071,horse
20071,dog
20071,elephant
20071,cat
20071,rhinoceros
20071,monkey
20071,donkey
20071,giraffe
20071,lion
20071,tiger
20071,bear
20071,fish
20071,dolphin
20071,whale
20071,ape
20071,orangutan
20071,coyote
20071,wolf
20074,mongoose
20074,snake
20074,lions
20074,hyenas
20074,zebra
20074,buffalo
20074,elephant
20074,crocodile
20074,alligator
20074,dog
20074,cat
20074,monkey
20074,ape
20074,shark
20074,whale
20074,seal
20074,penguin
20074,bear
20074,fox
20074,wolf
20075,dog
20075,cat
20075,lion
20075,tiger
20075,cow
20075,horse
20075,wolf
20075,elephant
20075,raccoon
20075,skunk
20075,llama
20077,cat
20077,dog
20077,rabbit
20077,duck
20077,frog
20077,toad
20077,anteater
20077,mule
20077,horse
20077,mouse
20077,elephant
20077,tiger
20077,lion
20079,frog
20079,cow
20079,horse
20079,pig
20079,giraffe
20079,elephant
20079,lion
20079,tiger
20079,bear
20079,dog
20079,cat
20079,rhinoceros
20079,turtle
20084,dogs
20084,cat
20084,zebra
20084,elephant
20084,mice
20084,rat
20084,lions
20084,tiger
20084,bear
20084,fish
20084,squid
20084,jellyfish
20086,dog
20086,cat
20086,horse
20086,tiger
20086,bear
20086,leopard
20086,alligator
20086,zebra
20086,skunk
20086,beaver
20086,possum
20086,gorilla
20086,elephant
20088,ass
20088,bee
20088,cat
20088,dog
20088,elephant
20088,fox
20088,gnu
20088,hippo
20088,jaguar
20088,kangaroo
20088,llama
20088,meerkat
20088,ocelot
20088,puma
20088,rhino
20090,deer
20090,dog
20090,cat
20090,bear
20090,raccoon
20090,rabbit
20090,tiger
20090,eagle
20090,moose
20090,lion
20090,wolf
20090,elephant
20090,giraffe
20090,cow
20090,duck
20091,gorilla
20091,chimpanzee
20091,dog
20091,cheetah
20091,giraffe
20091,fish
20091,squirrel
20091,deer
20091,spider
20091,snake
20091,octopus
20091,shark
20091,wolverine
20100,dog
20100,cat
20100,snake
20100,rabbit
20100,mouse
20100,buffalo
20100,horse
20100,lizard
20100,rat
20100,roach
20100,leopard
20100,elephant
20100,zebra
20100,lion
20103,cat
20103,dog
20103,horse
20103,snake
20103,owl
20103,rat
20103,bird
20103,tiger
20103,elephant
20103,pig
20103,cow
20103,sea cow
20103,monkey
20103,giraffe
20103,crocodile
20103,rabbit
20103,scorpion
20103,goat
20103,flies
20106,cat
20106,dog
20106,cow
20106,horse
20106,skunk
20106,lion
20106,tiger
20106,bear
20106,rhino
20106,hippo
20109,dog
20109,cat
20109,mice
20109,rat
20109,monkey
20109,lion
20109,elephant
20109,giraffe
20109,zebra
20109,lamb
20109,seal
20109,dinosaurs
20109,ant
20109,spider
20109,bunny
20109,hamster
20109,skunk
20109,turkey
20109,chicken
20109,polar bear
20113,hippo
20113,dog
20113,cat
20113,mouse
20113,lion
20113,cow
20113,horse
20113,raccoon
20113,jaguar
20113,butterfly
20113,moth
20114,zebra
20114,tiger
20114,bear
20114,gorilla
20114,cat
20114,dog
20114,octopus
20114,whale
20114,sheep
20114,goat
20120,dog
20120,cat
20120,lion
20120,tiger
20120,giraffe
20120,elephant
20120,hippo
20120,leopard
20120,zebra
20120,kangaroo
20120,raccoon
20122,dog
20122,cat
20122,fish
20122,lion
20122,tiger
20122,bear
20122,zebra
20122,deer
20122,beaver
20122,elk
20122,coyote
20122,polar bear
20122,rhino
20122,hippopotamus
20122,monkey
20122,gorilla
20122,cheetah
20128,horse
20128,cow
20128,chicken
20128,dog
20128,cat
20128,pig
20128,rabbit
20128,squirrel
20128,raccoon
20128,possum
20128,lion
20128,tiger
20128,bear
20128,giraffe
20128,elephant
20128,bird
20128,seal
20128,fish
20128,parrot
20129,dog
20129,cat
20129,elephant
20129,zebra
20129,giraffe
20129,pig
20129,donkey
20129,monkey
20129,cow
20129,horse
20129,snake
20129,rabbit
20133,bear
20133,lion
20133,tiger
20133,monkey
20133,elephant
20133,zebra
20133,dog
20133,cat
20133,horse
20133,chimpanzee
20134,dog
20134,cat
20134,lion
20134,calf
20134,ram
20134,bear
20134,snake
20134,gerbil
20134,raccoon
20134,opossum
20136,dogs
20136,cat
20136,bear
20136,fox
20136,deer
20136,elephant
20136,giraffe
20136,ape
20136,gorilla
20136,lions
20136,buffalo
20136,hippopotamus
20136,cougar
20136,puma
20136,horse
